StudyHours,Attendance,PreviousScore,PracticePapers,DistractionTime,FinalScore
6,67,63,7,3,62.8
8,90,77,4,1,82.3
9,64,55,0,5,52.8
6,76,63,4,4,63.9
9,100,30,1,3,54.4
9,83,37,8,0,65.6
6,73,31,6,1,56.9
10,97,64,10,5,85.4
4,67,57,7,7,56.0
5,65,61,1,1,58.3
5,56,87,2,7,57.8
4,65,58,0,1,51.8
7,77,95,7,4,87.1
7,97,71,2,8,70.8
10,88,34,0,3,61.0
1,70,85,7,7,64.1
8,73,52,7,7,64.7
8,72,84,8,2,86.0
4,52,76,8,1,67.2
3,95,62,7,4,58.2
7,96,58,2,2,69.3
10,95,58,9,0,83.5
3,60,30,2,1,34.3
10,84,80,0,6,76.6
10,100,63,2,0,80.5
8,89,52,7,1,71.1
7,72,92,9,7,84.0
5,53,63,9,7,61.7
6,77,74,0,5,61.4
7,98,87,7,4,82.3
5,56,56,0,1,50.5
5,57,34,1,7,36.0
2,99,64,2,1,58.6
1,93,93,7,5,67.1
3,65,34,5,7,31.6
2,51,91,7,3,65.6
3,76,36,2,2,36.3
5,81,35,2,3,42.6
5,72,53,3,6,50.7
1,92,67,5,5,60.9
2,70,85,5,3,60.4
4,91,34,2,4,40.4
10,70,35,5,3,55.4
5,68,65,2,4,61.8
8,66,88,3,4,79.9
10,57,87,8,5,89.9
10,86,54,7,5,77.7
3,74,34,6,4,42.5
8,95,89,5,8,78.4
6,67,36,6,4,53.6
2,71,30,0,2,35.8
2,89,89,9,0,80.8
8,99,66,7,2,82.9
2,90,84,8,6,65.8
6,99,95,7,0,92.8
3,63,32,3,7,37.2
7,62,62,3,2,61.0
3,84,92,4,8,65.7
3,99,75,8,6,67.6
10,93,80,6,1,96.4
3,68,87,10,3,74.0
10,90,41,7,7,63.6
9,94,77,7,6,86.1
3,71,66,2,7,52.3
6,95,90,10,7,82.6
9,76,89,10,3,95.6
6,64,47,5,0,60.8
7,94,83,2,1,74.6
1,75,94,3,7,62.6
2,91,80,3,3,69.1
3,70,53,4,1,51.8
4,90,37,10,6,54.3
8,59,85,1,5,73.8
2,78,51,9,0,63.6
6,69,53,6,5,60.3
1,83,90,10,0,84.1
4,55,58,6,0,57.0
9,88,92,9,0,100.0
1,78,72,10,8,63.5
10,86,73,7,4,89.4
4,60,57,6,7,50.1
5,56,91,2,4,66.4
7,59,69,4,7,65.4
7,73,44,5,8,50.0
9,81,37,1,4,58.9
10,78,83,2,4,82.3
4,73,59,1,4,55.8
7,61,66,5,5,62.2
1,64,88,1,1,54.6
3,92,90,3,7,65.0
4,90,39,0,4,44.7
5,90,30,7,5,52.0
4,93,37,1,2,44.2
9,88,34,4,7,55.7
10,70,46,9,4,66.7
6,56,49,1,7,45.8
3,66,37,4,4,42.4
4,61,77,5,7,56.8
10,53,76,5,1,83.9
8,74,94,7,0,96.3
9,77,36,10,2,67.5
10,80,68,7,6,82.3
1,91,93,2,2,67.8
3,92,66,6,8,59.3
7,79,73,9,5,80.3
8,76,79,0,5,68.7
10,50,71,6,6,71.3
8,70,79,7,1,80.8
9,51,56,2,3,65.1
5,62,56,10,6,65.7
6,84,64,5,3,65.7
8,83,39,4,2,59.7
7,99,38,2,6,47.1
6,68,30,7,2,49.7
3,96,41,0,3,43.6
2,70,62,3,8,43.9
1,96,80,7,2,65.8
3,51,77,6,8,60.6
6,80,47,7,5,59.0
8,69,41,2,7,47.9
7,98,56,10,4,72.3
9,51,36,4,0,58.7
5,67,92,10,0,82.9
9,76,66,0,1,66.5
1,65,78,5,1,59.8
9,87,33,9,8,55.3
6,57,39,5,3,49.8
10,68,57,0,4,66.3
6,88,32,7,3,53.5
1,78,64,8,5,52.1
4,70,34,9,8,46.9
8,93,60,9,6,77.9
3,81,51,0,3,43.6
1,75,59,3,5,42.5
1,70,31,9,0,40.5
2,62,72,6,4,60.6
2,86,65,4,5,55.7
1,52,52,0,7,35.5
1,80,46,4,6,40.3
8,88,51,0,8,50.5
1,79,70,3,2,52.4
6,78,72,7,6,64.9
9,77,48,9,1,74.2
2,56,71,0,3,44.1
1,56,39,8,2,39.8
5,92,38,10,7,51.5
10,100,44,9,7,72.1
1,70,40,4,8,27.9
7,82,36,0,1,45.7
9,66,68,0,6,67.5
1,93,57,9,1,58.9
1,72,83,2,0,58.4
6,90,31,10,7,58.1
8,78,36,0,5,46.6
6,73,41,0,3,42.5
7,99,45,1,3,55.7
4,61,53,0,0,46.7
6,53,38,7,5,51.1
9,52,38,1,8,41.8
2,61,66,8,8,55.6
7,68,43,6,7,58.2
10,55,92,4,8,77.4
9,56,35,8,6,53.0
7,97,49,6,6,58.2
4,52,94,4,2,71.0
6,69,82,1,1,72.1
7,69,44,4,2,59.9
7,66,37,6,4,53.4
1,96,82,6,0,75.7
6,54,63,7,1,63.6
9,64,65,4,0,73.8
5,58,89,3,8,65.5
10,93,49,7,5,69.6
10,75,78,0,4,74.2
3,60,41,8,5,44.0
10,56,36,0,7,45.8
1,81,60,5,7,44.8
6,79,89,2,3,76.7
2,53,70,10,0,62.6
4,71,61,8,4,57.9
10,68,61,0,7,65.7
1,95,31,2,3,34.4
3,85,58,7,0,59.0
2,67,54,8,4,53.6
6,83,76,3,4,65.3
2,78,80,2,6,61.4
4,100,66,7,2,71.1
3,79,52,3,8,49.2
1,89,67,0,0,57.8
4,81,53,7,2,65.8
6,63,64,5,1,69.9
4,91,92,0,0,77.2
5,74,36,8,5,56.3
9,92,89,10,7,88.0
2,58,41,3,4,38.8
4,65,54,2,0,58.0
6,59,76,6,1,73.6
7,58,94,5,7,80.2
4,99,72,2,4,59.0
3,50,47,3,1,47.3
2,71,36,8,2,50.8
3,75,40,2,2,38.1
7,85,32,1,4,46.2
5,92,46,10,5,57.9
6,70,47,10,0,70.5
9,81,37,0,3,51.6
7,91,94,1,8,75.6
2,66,68,7,5,60.7
9,83,55,2,0,74.6
5,62,58,10,3,70.3
6,84,57,5,3,61.2
2,76,60,0,8,43.6
8,83,47,3,6,58.4
5,81,79,4,2,76.8
8,54,94,2,1,80.6
2,69,53,1,3,46.2
5,75,57,2,3,52.4
5,67,44,0,1,41.7
4,93,77,5,8,70.0
4,77,49,10,1,61.7
9,79,88,2,4,81.5
8,52,64,0,5,56.4
3,62,73,8,4,64.6
5,78,41,9,1,60.9
8,86,86,5,4,84.9
6,50,88,3,8,65.9
7,83,68,6,1,71.9
1,85,40,5,4,45.2
3,58,34,3,7,28.2
8,80,68,0,5,67.0
2,80,61,6,8,54.9
7,74,51,3,0,58.3
5,94,43,6,1,55.6
10,53,30,9,8,55.5
8,59,64,0,1,58.6
6,72,60,8,3,64.8
6,74,39,2,4,50.5
8,80,88,0,8,67.4
5,99,46,1,3,55.2
3,82,86,0,2,64.5
1,55,62,6,4,44.7
3,98,46,7,5,52.6
8,52,71,8,5,71.9
1,75,85,5,3,59.9
8,90,86,3,0,88.5
4,55,44,7,0,49.5
10,100,84,7,5,94.5
4,68,50,8,4,57.8
4,70,48,8,3,61.4
6,91,57,2,3,56.1
8,88,83,9,0,90.6
9,98,93,2,6,87.4
1,82,65,1,3,44.3
3,63,54,6,7,47.7
5,97,63,4,2,67.0
5,96,77,9,2,86.3
9,77,83,9,7,83.5
10,51,33,0,8,47.1
1,54,46,6,4,37.5
7,60,58,8,6,62.3
7,69,46,10,3,64.7
4,91,62,1,5,55.7
9,55,41,6,7,52.6
6,50,65,2,6,49.3
9,99,79,0,1,82.6
4,55,62,5,4,56.7
6,60,41,2,6,43.3
2,85,56,2,0,56.0
9,54,93,0,8,69.2
1,78,56,5,5,42.6
8,82,41,0,5,51.9
8,97,49,7,4,73.6
4,66,58,5,7,56.3
1,94,35,5,7,41.9
5,66,58,6,5,54.7
4,95,48,6,5,56.0
4,85,35,5,4,46.2
5,61,52,6,0,62.7
2,89,44,10,0,60.8
7,73,76,3,6,66.4
1,69,86,8,6,68.1
3,55,46,1,7,34.6
3,68,73,4,1,64.4
2,96,63,3,0,59.2
3,69,87,9,1,74.1
7,59,74,3,2,69.4
10,65,62,10,2,85.6
9,75,34,10,1,70.3
3,85,52,5,2,56.6
6,66,42,1,6,46.5
7,94,85,7,7,75.9
2,52,89,9,0,68.4
8,51,71,10,8,73.1
7,97,75,4,8,68.8
8,62,74,0,3,68.8
10,66,47,6,5,62.7
6,68,45,8,7,58.7
6,79,94,6,6,77.6
3,100,60,10,2,73.1
3,90,46,9,5,59.0
4,95,50,2,4,47.2
8,50,61,0,5,53.5
10,54,45,2,5,56.3
1,81,87,1,4,53.9
5,69,45,4,1,55.6
6,57,60,0,1,55.2
3,50,32,7,0,49.0
8,86,56,4,8,65.6
8,66,54,7,4,61.9
5,60,89,7,3,76.9
5,76,91,10,1,92.0
4,93,54,1,6,54.9
5,70,47,7,1,56.3
8,72,57,3,0,72.4
6,83,54,4,1,59.4
3,66,89,1,6,60.5
1,57,61,10,5,54.4
9,92,95,1,2,84.5
10,58,67,1,4,70.8
9,59,30,4,0,59.3
6,50,34,8,1,47.8
5,71,91,7,7,74.3
8,86,38,5,5,53.7
8,66,31,2,7,48.3
9,90,64,1,4,68.2
4,57,34,5,1,49.7
5,52,63,7,6,55.7
10,54,44,6,8,59.2
5,80,48,7,7,49.6
3,84,49,3,8,48.7
9,90,75,0,6,67.8
8,89,77,8,7,82.9
7,56,52,9,6,65.0
3,62,88,10,8,70.3
6,90,76,4,7,69.6
7,94,41,2,7,54.4
2,60,51,5,0,53.0
10,95,44,2,1,71.8
9,99,34,3,5,61.8
2,65,82,8,4,69.2
9,97,51,3,7,60.5
9,82,75,9,5,87.9
1,100,41,10,4,50.2
4,76,36,1,3,37.1
1,87,66,10,6,62.7
6,56,35,4,2,50.3
8,97,76,0,7,72.0
6,87,64,10,6,70.2
8,95,42,2,2,61.6
1,99,33,0,1,40.6
4,95,85,7,8,74.4
1,90,34,2,8,34.9
9,68,67,10,7,73.2
6,77,45,7,6,59.2
4,73,82,6,2,72.2
7,87,73,8,5,76.4
7,94,82,10,3,88.7
2,99,30,6,8,41.2
6,50,41,1,0,48.0
4,95,76,8,1,72.8
10,89,47,7,1,70.6
6,92,70,2,2,65.0
5,72,52,4,2,58.5
6,86,69,1,8,56.6
2,75,40,5,7,35.1
10,86,84,10,1,93.0
5,95,44,1,0,57.0
7,59,68,4,1,65.1
2,99,68,5,5,65.3
5,57,67,6,5,59.4
8,64,55,7,4,65.0
3,60,38,4,6,33.3
6,80,72,5,1,70.3
7,73,30,3,5,41.6
3,72,30,6,8,33.3
2,83,51,8,0,56.1
1,75,74,2,0,60.5
4,82,78,4,6,61.2
8,98,95,9,6,97.4
10,90,60,9,1,87.3
5,62,36,6,0,55.9
6,50,92,1,1,67.3
10,64,49,4,7,59.9
6,88,40,9,6,57.9
8,75,58,5,4,61.7
1,60,69,8,7,53.6
5,52,88,9,0,79.4
4,97,83,0,3,65.3
8,59,33,2,4,47.5
2,80,86,9,0,74.5
9,92,62,0,3,73.3
8,92,51,10,1,75.7
5,66,56,0,2,54.3
2,76,48,8,2,58.8
10,84,88,0,1,89.6
3,61,31,2,4,37.4
10,74,46,4,6,58.6
3,50,52,6,7,40.1
7,55,35,0,6,41.8
4,85,88,1,5,61.5
4,96,58,5,1,65.5
8,74,95,4,7,74.9
1,90,79,7,6,62.3
3,75,89,8,0,74.0
10,52,39,10,8,64.3
6,65,52,1,8,42.9
2,77,36,6,3,41.8
3,63,74,3,0,65.6
7,59,94,6,2,79.9
3,79,77,7,7,60.9
2,89,44,8,3,57.2
9,76,49,8,8,65.6
8,97,80,3,8,73.3
1,100,30,3,3,43.4
7,99,51,8,4,73.0
2,54,93,4,7,57.9
2,63,82,0,2,60.2
4,66,84,8,8,64.6
4,87,95,9,4,80.6
5,69,38,0,5,41.3
5,74,32,9,3,48.2
9,54,34,2,8,47.7
4,81,67,10,8,70.1
4,95,95,4,2,82.1
5,57,42,8,2,50.5
6,78,51,2,5,56.1
1,94,52,6,3,54.7
1,92,85,1,8,55.3
7,60,77,1,3,64.9
5,72,49,7,1,64.7
6,94,91,3,1,86.6
3,70,77,4,4,58.2
10,85,55,0,7,59.1
5,95,32,4,1,52.3
6,89,40,9,2,64.9
1,95,33,1,8,29.9
2,60,75,10,8,58.9
9,66,84,10,5,89.7
2,94,53,7,5,49.8
2,85,44,8,8,41.4
3,92,33,2,1,48.2
3,85,87,8,1,81.8
4,60,32,4,3,43.4
5,63,90,2,2,66.7
10,97,82,7,1,91.7
4,74,61,3,4,57.0
6,69,80,9,2,82.9
2,79,42,5,4,47.5
10,51,86,3,7,70.3
6,95,94,3,6,73.3
8,63,69,5,8,63.0
9,94,82,1,6,79.6
8,61,56,3,1,62.5
4,87,34,3,0,51.9
8,67,69,3,4,63.6
3,83,89,4,3,70.0
2,79,53,1,1,43.6
10,74,65,9,5,77.8
3,73,61,7,0,66.1
2,94,88,4,5,65.8
9,73,85,1,0,79.1
10,71,37,10,1,73.5
5,99,94,10,1,90.1
5,70,72,7,0,77.0
7,68,60,3,2,65.2
5,68,37,4,6,43.4
8,77,69,9,0,79.4
4,70,73,5,4,65.2
4,73,88,4,5,69.6
9,64,45,9,0,70.3
9,70,40,4,1,64.3
1,76,41,5,1,39.5
4,100,75,0,7,54.1
2,65,57,10,8,51.9
6,60,51,1,0,50.0
1,57,94,3,4,60.6
3,89,59,5,1,65.1
10,94,53,10,6,73.1
6,96,71,5,1,74.0
6,97,58,7,5,69.9
9,91,54,1,8,54.6
7,69,48,10,4,70.5
7,51,81,8,8,73.6
7,100,41,6,0,70.0
3,71,76,5,0,69.2
2,71,84,2,3,58.6
1,100,71,4,5,53.0
6,79,40,4,1,56.6
4,77,71,10,8,63.3
2,71,93,0,5,63.7
8,61,89,9,3,84.6
9,100,88,9,0,95.0
8,81,90,0,3,74.6
7,59,31,5,2,48.9
2,63,68,1,2,55.7
5,71,56,9,6,57.0
8,50,88,2,0,80.0
8,59,89,3,6,68.6
6,75,88,2,6,71.8
9,69,46,2,7,50.9
6,59,86,4,1,70.6
3,52,45,5,7,39.5
8,68,67,1,0,73.6
10,55,81,9,0,91.0
4,64,95,0,4,63.5
4,90,72,9,5,73.5
10,77,47,7,8,68.8
3,57,70,10,8,63.3
9,91,41,9,1,73.5
5,88,36,7,6,46.4
4,99,67,1,3,59.2
3,58,68,0,2,55.7
1,66,94,0,3,58.1
9,96,32,0,8,48.1
5,57,47,7,4,58.1
10,57,33,1,7,41.0
3,81,56,10,5,56.7
2,86,40,1,2,46.3
4,98,87,6,6,70.9
7,56,32,6,5,44.7
9,74,49,1,0,67.3
10,69,59,3,6,68.6
2,56,93,3,1,67.0
3,80,37,2,6,34.8
3,60,70,9,1,62.8
6,72,32,6,5,43.4
2,79,62,3,3,55.7
2,89,61,2,4,53.5
10,54,60,5,6,65.1
4,71,90,1,7,67.3
6,81,90,6,6,80.0
10,59,58,7,6,72.1
8,74,66,3,3,70.7
5,78,68,0,0,57.1
2,63,93,5,4,70.8
6,68,93,8,4,82.3
9,93,40,3,2,59.2
2,69,83,1,2,55.4
1,68,57,7,1,57.9
8,89,80,4,0,83.8
5,82,45,9,4,55.1
1,99,87,4,5,61.8
7,70,46,4,3,57.9
9,88,62,4,7,71.7
2,75,61,2,4,50.7
5,95,51,6,5,59.0
6,88,92,7,4,84.3
3,51,67,5,1,52.5
8,76,45,9,5,60.2
1,80,66,1,6,46.8
9,68,76,0,2,71.7
2,56,83,5,4,63.4
9,57,36,7,6,60.2
8,56,74,0,2,68.8
2,67,60,6,2,60.0
3,96,31,1,4,39.9
4,94,87,10,6,76.1
8,84,70,8,3,84.2
2,59,44,10,5,50.8
1,100,91,7,7,74.1
3,90,54,3,2,56.6
10,57,73,10,8,74.3
10,88,67,10,8,82.5
4,95,47,8,4,56.7
3,81,37,6,1,50.0
7,56,84,8,3,76.1
10,78,72,4,2,78.2
4,91,50,3,0,60.7
8,75,54,8,2,75.6
1,95,43,2,0,44.0
6,74,51,7,6,63.6
8,75,46,9,8,63.9
10,64,43,5,6,60.6
2,93,51,7,2,61.2
7,68,44,7,8,52.0
4,69,66,10,1,67.6
9,87,65,1,0,76.9
6,54,73,4,0,69.3
3,65,91,4,5,69.0
10,85,65,1,7,62.6
7,58,30,10,3,52.5
6,54,75,8,2,75.9
3,86,75,1,5,52.7
2,81,74,9,0,70.7
8,89,38,3,6,52.1
3,96,52,1,8,47.6
9,94,57,0,3,71.2
2,83,71,7,1,71.4
2,64,45,7,8,45.2
5,84,63,4,0,64.8
6,73,67,9,4,74.8
2,92,33,10,5,46.9
1,78,75,3,7,49.7
2,55,75,9,4,63.2
4,100,65,7,3,67.4
9,99,47,4,8,61.2
2,97,81,7,1,69.2
2,63,41,2,3,32.5
3,53,91,2,7,57.2
8,84,76,6,4,81.0
10,93,32,5,6,55.9
1,65,71,1,1,49.3
2,90,90,1,7,59.1
4,90,40,10,5,57.0
5,63,57,4,5,54.6
7,89,38,5,3,53.2
5,59,90,5,0,80.8
2,78,79,10,5,72.1
7,82,90,4,6,80.7
8,91,88,2,3,80.6
3,80,61,2,0,61.0
7,81,93,6,3,81.6
3,87,78,2,2,67.5
10,100,84,9,3,91.9
4,61,92,8,8,69.6
7,65,45,3,5,48.5
9,97,44,3,5,58.4
1,98,61,8,8,55.0
4,74,88,4,5,66.8
9,84,76,2,5,73.3
4,97,93,1,1,72.2
2,63,65,3,6,52.4
9,88,90,1,8,75.0
6,99,39,4,4,59.5
9,65,87,8,1,85.8
10,54,59,8,3,78.7
2,51,58,6,7,39.8
3,65,79,4,0,62.0
8,63,50,2,0,65.6
7,82,63,0,6,61.2
1,77,36,10,4,42.1
10,61,49,4,6,65.5
10,79,37,8,0,76.3
5,50,50,1,5,38.0
9,98,71,8,5,82.6
2,71,44,10,7,47.8
9,53,84,6,7,75.7
10,66,50,5,6,64.5
1,69,33,0,0,32.8
4,83,56,1,1,57.9
4,68,61,4,1,55.9
9,93,85,0,4,76.8
9,58,50,4,5,58.1
9,65,62,6,7,63.1
6,94,83,3,8,75.2
10,65,48,8,5,73.0
9,74,31,6,4,59.0
4,81,49,1,7,46.8
10,63,47,5,8,54.0
3,94,55,1,7,44.9
4,77,41,8,7,48.5
1,57,81,8,6,61.2
2,82,43,4,0,52.9
9,66,76,4,3,80.1
2,88,90,0,1,67.4
3,73,73,0,6,48.4
9,90,89,5,4,86.7
7,50,37,8,2,57.6
6,93,67,2,7,65.7
7,85,34,7,0,57.0
10,60,70,1,7,66.1
2,80,87,5,2,69.6
4,75,73,1,3,62.4
4,77,65,3,8,54.8
9,72,57,0,1,65.2
1,93,44,2,2,48.7
7,85,39,10,5,59.0
1,99,79,4,3,65.2
8,89,64,8,8,77.2
9,94,48,7,8,61.2
5,88,90,2,5,77.1
6,76,53,3,5,59.2
6,56,53,1,4,45.4
3,85,92,10,3,80.9
6,85,61,5,7,63.6
7,96,47,7,4,60.9
7,88,33,5,6,55.9
7,64,89,9,0,93.3
5,88,62,7,7,64.2
7,62,43,2,4,46.6
2,83,79,8,3,71.5
6,83,73,6,8,71.5
2,62,70,8,3,63.8
6,96,56,9,6,67.5
1,79,75,7,6,63.1
3,57,43,0,4,30.6
10,78,55,2,2,64.7
8,63,56,8,6,69.4
3,84,44,2,1,53.1
8,54,90,7,5,77.3
3,85,58,9,2,66.6
5,53,69,10,4,68.8
9,97,64,8,2,84.5
4,70,53,4,4,54.7
6,63,75,1,5,60.6
10,64,30,9,4,62.5
6,69,32,3,5,41.3
5,67,47,6,1,58.2
2,58,86,10,4,64.8
10,57,76,6,2,86.0
1,93,50,4,3,47.5
9,50,48,5,0,69.0
4,87,43,8,3,58.3
4,82,38,8,2,51.0
8,50,41,0,5,41.5
6,62,60,5,1,62.7
3,57,36,5,5,36.4
10,52,64,3,4,65.1
9,59,95,2,4,85.0
5,80,41,2,4,52.2
2,79,54,5,2,56.9
3,95,50,1,0,53.0
8,89,33,4,7,48.9
8,57,37,4,7,47.5
3,85,47,1,6,38.3
5,57,48,8,6,54.7
1,89,79,7,4,62.5
7,77,78,9,5,84.4
7,59,34,4,4,47.5
1,84,60,2,7,45.9
9,83,36,3,2,60.2
2,71,36,0,6,29.0
1,100,83,6,1,69.8
6,96,62,2,4,62.4
9,73,55,10,8,74.0
8,59,35,9,2,63.4
8,72,70,7,1,75.7
8,81,77,10,1,84.5
1,68,94,5,3,72.0
7,82,71,6,6,70.2
6,92,45,3,1,63.2
10,54,37,8,4,64.5
6,53,77,0,5,60.1
2,65,95,2,2,67.1
9,53,80,9,3,78.0
2,84,83,3,7,63.4
5,72,57,4,1,61.2
5,80,42,5,2,53.6
6,97,67,3,0,75.4
6,88,71,1,3,69.0
10,75,41,10,8,69.9
2,92,40,5,5,48.9
10,80,66,3,0,83.5
1,98,87,0,6,63.4
1,59,82,9,6,60.6
5,92,47,10,8,62.8
2,71,30,6,5,38.2
7,52,59,1,6,47.7
4,55,45,3,1,47.8
10,88,53,6,1,71.9
1,86,59,5,1,53.5
6,96,82,10,4,80.4
9,57,44,5,2,65.0
10,51,51,9,3,69.6
3,73,54,5,2,59.2
6,52,47,0,0,52.9
10,96,61,2,1,79.5
4,90,43,0,0,54.5
8,60,39,1,8,48.4
9,81,46,4,1,67.5
7,69,90,0,8,62.7
5,52,48,6,1,59.7
5,94,83,5,3,71.7
9,93,63,3,6,69.9
3,99,54,10,8,54.7
7,53,72,1,4,64.8
7,68,64,2,1,66.9
3,72,92,6,7,66.5
4,63,73,7,5,60.6
2,60,61,7,4,49.2
9,65,44,3,4,59.2
2,76,70,10,1,65.0
10,56,83,3,5,80.2
4,85,83,0,2,69.1
8,60,71,6,2,77.1
9,64,37,4,4,53.0
7,87,63,8,4,73.6
2,100,79,8,4,68.7
10,62,63,2,3,63.3
3,71,53,0,3,41.6
9,80,73,7,0,88.5
2,90,57,10,5,65.5
2,77,38,6,6,36.2
3,99,44,4,4,50.5
5,85,88,7,7,78.6
8,85,48,6,4,70.2
1,71,31,10,0,45.2
4,83,81,5,8,60.0
1,86,68,8,6,56.5
10,51,65,2,7,64.3
7,96,75,9,5,81.7
1,80,82,5,5,61.0
5,59,39,10,3,58.2
1,82,92,6,0,77.9
2,81,30,6,7,41.8
9,96,35,8,8,58.6
10,77,50,6,7,65.0
7,80,95,7,5,89.5
2,54,55,6,0,55.3
7,100,67,6,7,71.6
6,60,44,7,4,52.7
10,59,66,3,3,73.7
5,92,75,5,5,70.9
4,73,72,4,3,62.0
9,55,88,10,6,85.3
8,96,65,4,0,78.7
4,69,58,9,4,57.5
5,77,85,7,8,75.3
3,65,82,2,3,65.9
8,75,86,10,6,88.8
7,58,79,7,8,65.5
1,90,30,7,2,38.6
5,64,44,0,6,39.1
9,80,80,5,8,75.4
6,52,93,1,4,71.6
8,67,89,10,8,78.3
9,72,53,7,2,68.5
6,84,35,0,2,41.9
9,58,32,0,2,45.7
4,92,72,6,0,73.4
10,90,41,4,2,62.1
3,62,76,9,0,66.4
6,91,49,1,3,60.6
2,83,41,7,4,49.8
9,90,54,7,1,74.8
8,73,74,5,6,67.9
9,73,94,4,2,82.7
1,87,63,3,4,53.1
3,89,63,9,5,62.3
9,64,43,5,3,63.7
1,86,79,8,4,61.4
3,61,51,6,7,44.8
2,50,75,2,4,53.7
2,94,57,8,7,53.9
8,87,32,9,7,61.5
5,79,35,8,4,57.0
8,89,63,3,2,76.4
4,82,76,0,4,55.6
3,58,30,5,0,45.6
3,76,78,7,3,68.6
8,53,87,1,2,71.2
3,62,57,7,0,63.9
5,69,51,9,8,57.7
10,70,53,8,6,74.3
5,59,63,1,3,48.7
3,84,77,1,7,56.9
10,53,66,7,3,78.5
8,60,84,10,2,82.6
8,100,55,8,0,74.5
9,58,94,6,3,91.5
4,52,40,10,2,57.0
1,62,56,5,5,40.4
1,53,52,6,2,49.7
6,92,52,8,3,69.8
1,58,57,4,1,45.4
2,70,47,9,8,50.4
5,89,39,2,1,47.6
9,53,72,4,0,72.1
8,80,76,4,0,83.0
3,55,55,0,1,49.8
8,63,36,2,8,39.0
8,77,60,2,5,65.4
6,86,34,7,3,56.1
5,78,40,9,6,51.4
6,97,46,2,5,59.4
1,82,73,0,3,46.8
1,58,65,5,8,45.5
3,54,35,7,1,45.1
4,81,79,8,8,64.1
8,53,90,1,5,72.1
10,76,51,7,1,76.0
3,71,55,5,7,50.3
10,83,58,1,6,69.9
10,94,39,5,0,66.8
6,84,58,0,1,60.6
8,51,47,10,7,62.3
2,66,74,0,0,55.2
2,97,83,0,3,57.3
6,63,39,3,4,43.8
6,84,42,2,5,47.8
10,65,89,3,3,87.4
10,79,71,7,7,83.4
10,100,48,5,5,68.5
6,93,44,2,2,57.2
10,61,58,3,8,61.1
7,66,92,10,8,79.1
1,65,59,10,8,52.4
8,80,83,7,3,81.4
7,62,70,2,8,63.3
1,88,88,3,8,59.0
1,52,78,6,3,56.3
6,68,43,10,5,60.1
10,66,77,1,4,73.4
1,84,93,10,4,71.0
3,61,67,0,0,48.2
1,70,34,3,4,30.2
6,95,57,7,3,71.4
7,92,67,5,5,71.9
4,61,77,8,6,62.5
3,89,53,0,8,40.2
9,56,57,0,1,57.0
6,65,77,2,7,58.1
8,63,92,2,0,85.6
4,91,33,7,8,49.6
8,89,54,8,5,71.8
2,71,58,1,7,38.3
4,82,32,0,0,45.4
2,57,75,3,5,52.4
5,53,34,1,7,38.2
1,55,86,0,5,49.5
8,78,82,7,0,92.1
4,89,86,4,5,66.8
4,60,44,9,8,47.9
6,60,74,1,0,68.5
7,76,91,5,4,76.9
10,76,34,4,8,54.6
8,97,45,10,2,72.5
10,87,49,7,1,78.2
4,52,85,6,2,74.5
3,100,91,1,3,70.9
9,83,46,3,1,64.4
2,82,84,0,4,55.6
4,75,79,1,3,60.4
2,91,61,1,5,46.2
1,65,72,7,1,55.8
1,74,40,8,7,36.9
4,57,61,5,5,53.4
3,99,63,1,6,50.1
3,94,61,2,3,61.2
2,54,56,10,4,51.0
2,51,37,3,4,34.4
5,92,44,8,3,66.3
5,93,77,0,5,64.6
9,84,89,2,6,80.6
9,58,45,5,4,54.3
8,99,65,1,4,69.0
1,70,59,7,8,45.9
5,71,79,9,8,65.1
9,71,70,6,2,76.3
5,66,52,7,7,55.8
8,65,91,4,6,75.3
5,94,84,1,3,67.2
2,67,72,9,3,62.3
9,72,58,10,5,69.9
8,67,30,4,5,52.4
6,83,58,6,5,58.6
5,56,51,1,2,44.3
9,88,54,0,0,69.1
1,65,32,5,2,36.6
2,65,39,3,2,38.6
3,85,94,10,3,86.9
6,97,48,7,1,72.7
1,62,83,6,4,57.6
5,74,81,3,5,68.3
3,86,52,1,3,45.6
9,82,92,1,6,83.2
10,80,36,6,1,64.8
5,56,37,4,8,40.6
9,97,82,7,6,87.2
2,91,83,2,1,69.5
9,69,73,0,0,76.8
9,51,72,7,4,76.4
2,64,93,2,4,62.5
6,63,69,1,5,55.6
7,98,68,8,8,71.5
6,86,83,5,2,76.8
9,92,83,1,4,74.1
10,97,95,7,1,96.2
10,66,87,0,0,79.7
5,86,41,1,1,55.5
10,58,95,2,2,84.7
5,76,64,1,5,51.2
5,89,50,3,1,56.6
7,84,66,5,0,77.8
3,71,88,7,8,70.6
9,74,56,5,2,68.4
4,56,38,2,3,36.6
10,82,83,5,6,84.2
10,75,41,4,3,66.9
1,79,94,1,0,61.8
8,50,69,7,7,67.6
8,88,71,10,6,84.9
10,98,89,6,7,94.7
3,73,86,10,6,67.9
8,59,36,1,6,47.1
9,93,81,4,2,88.2
7,89,49,5,8,62.7
10,91,83,6,3,87.1
9,79,55,6,3,70.2
10,66,62,2,6,60.0
8,80,55,4,7,62.1
3,63,31,10,3,46.0
3,70,59,10,0,70.0
2,71,74,4,2,56.8
2,89,48,0,6,38.6
7,62,66,4,1,69.7
1,84,94,1,5,62.8
9,98,63,1,3,68.5
2,95,64,0,1,55.8
8,80,80,4,3,77.4
